"","dir.."
"1","1-1.docx"
"2","1-2.docx"
"3","1-3.pdf"
"4","109-1.pdf"
"5","109-3.pdf"
"6","109-4.pdf"
"7","109-6.pdf"
"8","109-7.pdf"
"9","11.2.pdf"
"10","11.3.pdf"
"11","11.4.pdf"
"12","11.5.pdf"
"13","11.6.pdf"
"14","111-1.pdf"
"15","111-2.pdf"
"16","113-1.pdf"
"17","114-1.pdf"
"18","114-2.pdf"
"19","114-3.pdf"
"20","114-4.pdf"
"21","114-6.pdf"
"22","116-2.docx"
"23","117-1.pdf"
"24","117-2.pdf"
"25","117-3.pdf"
"26","117-4.pdf"
"27","118-1.pdf"
"28","118-2.pdf"
"29","119-1.pdf"
"30","119-2.pdf"
"31","119-3.pdf"
"32","120-1.pdf"
"33","120-2.pdf"
"34","120-3.pdf"
"35","121-1.pdf"
"36","121-2.pdf"
"37","121-3.docx"
"38","122-1.pdf"
"39","122-2.pdf"
"40","122-3.pdf"
"41","122-4.pdf"
"42","123-1.docx"
"43","13-1.docx"
"44","13-2.docx"
"45","13-3.docx"
"46","14-1.docx"
"47","14.2.pdf"
"48","15-1.docx"
"49","15-2.docx"
"50","15-3.docx"
"51","15-4.docx"
"52","15-5.docx"
"53","15-6.docx"
"54","15.7.pdf"
"55","16-1.docx"
"56","17-1.docx"
"57","17-2.docx"
"58","17-3.docx"
"59","18-1.docx"
"60","18-2.docx"
"61","18-3.docx"
"62","18-4.docx"
"63","18-5.docx"
"64","19-1.pdf"
"65","2-1.docx"
"66","2-2.docx"
"67","2-3.docx"
"68","2-4.docx"
"69","2-5.docx"
"70","2-6.docx"
"71","2-7.docx"
"72","2-8.docx"
"73","20-1.docx"
"74","20-3.docx"
"75","20-4.docx"
"76","21-1.pdf"
"77","21-3.pdf"
"78","21-4.pdf"
"79","21-5.pdf"
"80","21-6.pdf"
"81","21-7.pdf"
"82","21-8.docx"
"83","21-9.docx"
"84","22-10.pdf"
"85","22-11.pdf"
"86","22-12.pdf"
"87","22-14.pdf"
"88","22-15.docx"
"89","22-16.docx"
"90","22-17.docx"
"91","22-19.docx"
"92","22-2.pdf"
"93","22-20.docx"
"94","22-21.docx"
"95","22-22.docx"
"96","22-23.docx"
"97","22-24.docx"
"98","22-25.pdf"
"99","22-3.docx"
"100","22-4.pdf"
"101","22-5.pdf"
"102","22-6.pdf"
"103","22-7.pdf"
"104","22-8.pdf"
"105","22-9.pdf"
"106","23-2.pdf"
"107","23-3.docx"
"108","23-4.docx"
"109","24-1.pdf"
"110","24-2.docx"
"111","24-3.docx"
"112","25-1.docx"
"113","25-2.docx"
"114","26-1.docx"
"115","26-11.docx"
"116","26-12.docx"
"117","26-13.docx"
"118","26-14.docx"
"119","26-15.docx"
"120","26-16.docx"
"121","26-17.docx"
"122","26-18.docx"
"123","26-19.docx"
"124","26-2.docx"
"125","26-20.docx"
"126","26-21.docx"
"127","26-27.docx"
"128","26-3.docx"
"129","26-4.docx"
"130","26-5.docx"
"131","26-6.docx"
"132","26-7.docx"
"133","26-8.docx"
"134","27-1.docx"
"135","27-2.pdf"
"136","27-3.docx"
"137","27-4.docx"
"138","27-5.docx"
"139","27-6.docx"
"140","28-1.docx"
"141","28-2.docx"
"142","28-3.docx"
"143","28-4.docx"
"144","28-5.docx"
"145","29-1.docx"
"146","29-2.docx"
"147","3-1.docx"
"148","3-3.pdf"
"149","3.2.pdf"
"150","30-1.docx"
"151","30-3.docx"
"152","30-4.docx"
"153","30-5.docx"
"154","30-6.docx"
"155","30-7.docx"
"156","31-1.docx"
"157","32-2.docx"
"158","32-3.docx"
"159","32-4.docx"
"160","33-1.docx"
"161","34-1.docx"
"162","35-1.docx"
"163","35-2.docx"
"164","35-3.docx"
"165","4-1.docx"
"166","4-2.docx"
"167","4-3.docx"
"168","5-1.pdf"
"169","6-1.pdf"
"170","75-1.docx"
"171","75-10.pdf"
"172","75-11.pdf"
"173","75-12.docx"
"174","75-13.pdf"
"175","75-2.docx"
"176","75-3.pdf"
"177","75-4.pdf"
"178","75-5.docx"
"179","75-6.pdf"
"180","75-7.pdf"
"181","75-8.docx"
"182","75-9.pdf"
"183","85-1.pdf"
"184","85-10.pdf"
"185","85-11.pdf"
"186","85-12.pdf"
"187","85-2.pdf"
"188","85-3.pdf"
"189","85-4.pdf"
"190","85-5.pdf"
"191","85-6.pdf"
"192","85-8.pdf"
"193","85-9.pdf"
"194","9-1.docx"
"195","9-10.docx"
"196","9-12.docx"
"197","9-2.docx"
"198","9-4.docx"
"199","9-6.docx"
"200","9-7.docx"
"201","9-9.docx"
